version,txn/s
trad,8.75738e+06
flush,9.26499e+06
flush,9.35114e+06
flush,9.27735e+06
flush,9.53175e+06
