threads,txn/s
2,490853
4,1.30503e+06
8,2.89525e+06
16,4.73813e+06
32,7.14421e+06
64,7.35095e+06
128,7.36127e+06
256,7.07301e+06
