threads,txn/s
2,866627
4,1.70665e+06
8,3.09278e+06
16,5.07927e+06
32,7.21871e+06
64,7.28753e+06
128,7.36947e+06
254,7.23665e+06

