threads,txn/s
2,853828
4,1.67165e+06
8,3.02443e+06
16,4.99997e+06
32,7.15295e+06
64,7.31526e+06
96,7.27649e+06
128,7.27496e+06
160,6.95885e+06
192,6.23916e+06
224,5.52628e+06
