threads,txn/s
2,852933
4,1.66516e+06
8,3.03534e+06
16,4.95864e+06
32,7.09e+06
64,7.2214e+06
128,7.3215e+06
254,5.62811e+06
