threads,txn/s
2,484608
4,1.28467e+06
8,2.79216e+06
16,4.82933e+06
32,6.8513e+06
64,7.26205e+06
96,7.16879e+06
128,7.11821e+06
160,6.63559e+06
192,6.11559e+06
224,5.79638e+06
