threads,txn/s
2,482823
4,1.2838e+06
8,2.83048e+06
16,4.75476e+06
32,6.45363e+06
64,7.21645e+06
128,6.62035e+06
256,5.45534e+06
